<?xml version='1.0' encoding='utf-8'?>
<project xmlns="http://www.plcopen.org/xml/tc6_0201" xmlns:xsd="http://www.w3.org/2001/XMLSchema" xmlns:xhtml="http://www.w3.org/1999/xhtml" xmlns:ns1="http://www.plcopen.org/xml/tc6_0201">
  <fileHeader companyName="Desconocido" productName="Sin nombre" productVersion="1" creationDateTime="2024-03-27T16:51:49"/>
  <contentHeader name="Sin nombre" modificationDateTime="2024-03-28T18:01:32">
    <coordinateInfo>
      <fbd>
        <scaling x="10" y="10"/>
      </fbd>
      <ld>
        <scaling x="10" y="10"/>
      </ld>
      <sfc>
        <scaling x="10" y="10"/>
      </sfc>
    </coordinateInfo>
  </contentHeader>
  <types>
    <dataTypes/>
    <pous>
      <pou name="SimulacionTanque" pouType="program">
        <interface>
          <localVars>
            <variable name="B1" address="%IX0.0">
              <type>
                <BOOL/>
              </type>
            </variable>
            <variable name="B2" address="%IX0.1">
              <type>
                <BOOL/>
              </type>
            </variable>
            <variable name="B3" address="%IX0.2">
              <type>
                <BOOL/>
              </type>
            </variable>
            <variable name="H1" address="%QX0.0">
              <type>
                <BOOL/>
              </type>
            </variable>
            <variable name="H2" address="%QX0.1">
              <type>
                <BOOL/>
              </type>
            </variable>
            <variable name="H3" address="%QX0.2">
              <type>
                <BOOL/>
              </type>
            </variable>
            <variable name="H4" address="%QX0.3">
              <type>
                <BOOL/>
              </type>
            </variable>
            <variable name="H5" address="%QX0.4">
              <type>
                <BOOL/>
              </type>
            </variable>
          </localVars>
        </interface>
        <body>
          <LD>
            <leftPowerRail localId="1" width="10" height="40">
              <position x="10" y="20"/>
              <connectionPointOut formalParameter="">
                <relPosition x="10" y="20"/>
              </connectionPointOut>
            </leftPowerRail>
            <contact localId="2" negated="false" width="21" height="20">
              <position x="100" y="30"/>
              <connectionPointIn>
                <relPosition x="0" y="10"/>
                <connection refLocalId="1">
                  <position x="100" y="40"/>
                  <position x="20" y="40"/>
                </connection>
              </connectionPointIn>
              <connectionPointOut>
                <relPosition x="21" y="10"/>
              </connectionPointOut>
              <variable>B1</variable>
            </contact>
            <contact localId="3" negated="false" width="21" height="20">
              <position x="220" y="30"/>
              <connectionPointIn>
                <relPosition x="0" y="10"/>
                <connection refLocalId="2">
                  <position x="220" y="40"/>
                  <position x="121" y="40"/>
                </connection>
              </connectionPointIn>
              <connectionPointOut>
                <relPosition x="21" y="10"/>
              </connectionPointOut>
              <variable>B2</variable>
            </contact>
            <contact localId="4" negated="true" width="21" height="20">
              <position x="370" y="30"/>
              <connectionPointIn>
                <relPosition x="0" y="10"/>
                <connection refLocalId="3">
                  <position x="370" y="40"/>
                  <position x="241" y="40"/>
                </connection>
              </connectionPointIn>
              <connectionPointOut>
                <relPosition x="21" y="10"/>
              </connectionPointOut>
              <variable>B3</variable>
            </contact>
            <coil localId="5" negated="false" width="21" height="20">
              <position x="540" y="30"/>
              <connectionPointIn>
                <relPosition x="0" y="10"/>
                <connection refLocalId="4">
                  <position x="540" y="40"/>
                  <position x="391" y="40"/>
                </connection>
              </connectionPointIn>
              <connectionPointOut>
                <relPosition x="21" y="10"/>
              </connectionPointOut>
              <variable>H1</variable>
            </coil>
            <rightPowerRail localId="6" width="10" height="40">
              <position x="650" y="20"/>
              <connectionPointIn>
                <relPosition x="0" y="20"/>
                <connection refLocalId="5">
                  <position x="650" y="40"/>
                  <position x="561" y="40"/>
                </connection>
              </connectionPointIn>
            </rightPowerRail>
            <leftPowerRail localId="7" width="10" height="40" executionOrderId="0">
              <position x="10" y="70"/>
              <connectionPointOut formalParameter="">
                <relPosition x="10" y="20"/>
              </connectionPointOut>
            </leftPowerRail>
            <contact localId="8" negated="false" width="21" height="20" executionOrderId="0">
              <position x="100" y="80"/>
              <connectionPointIn>
                <relPosition x="0" y="10"/>
                <connection refLocalId="7">
                  <position x="100" y="90"/>
                  <position x="20" y="90"/>
                </connection>
              </connectionPointIn>
              <connectionPointOut>
                <relPosition x="21" y="10"/>
              </connectionPointOut>
              <variable>B1</variable>
            </contact>
            <contact localId="9" negated="true" width="21" height="20" executionOrderId="0">
              <position x="220" y="80"/>
              <connectionPointIn>
                <relPosition x="0" y="10"/>
                <connection refLocalId="8">
                  <position x="220" y="90"/>
                  <position x="121" y="90"/>
                </connection>
              </connectionPointIn>
              <connectionPointOut>
                <relPosition x="21" y="10"/>
              </connectionPointOut>
              <variable>B2</variable>
            </contact>
            <contact localId="10" negated="true" width="21" height="20" executionOrderId="0">
              <position x="370" y="80"/>
              <connectionPointIn>
                <relPosition x="0" y="10"/>
                <connection refLocalId="9">
                  <position x="370" y="90"/>
                  <position x="241" y="90"/>
                </connection>
              </connectionPointIn>
              <connectionPointOut>
                <relPosition x="21" y="10"/>
              </connectionPointOut>
              <variable>B3</variable>
            </contact>
            <coil localId="11" negated="false" width="21" height="20" executionOrderId="0">
              <position x="540" y="80"/>
              <connectionPointIn>
                <relPosition x="0" y="10"/>
                <connection refLocalId="10">
                  <position x="540" y="90"/>
                  <position x="391" y="90"/>
                </connection>
              </connectionPointIn>
              <connectionPointOut>
                <relPosition x="21" y="10"/>
              </connectionPointOut>
              <variable>H2</variable>
            </coil>
            <rightPowerRail localId="12" width="10" height="40" executionOrderId="0">
              <position x="650" y="70"/>
              <connectionPointIn>
                <relPosition x="0" y="20"/>
                <connection refLocalId="11">
                  <position x="650" y="90"/>
                  <position x="561" y="90"/>
                </connection>
              </connectionPointIn>
            </rightPowerRail>
            <leftPowerRail localId="13" width="10" height="40" executionOrderId="0">
              <position x="10" y="120"/>
              <connectionPointOut formalParameter="">
                <relPosition x="10" y="20"/>
              </connectionPointOut>
            </leftPowerRail>
            <contact localId="14" negated="false" width="21" height="20" executionOrderId="0">
              <position x="100" y="130"/>
              <connectionPointIn>
                <relPosition x="0" y="10"/>
                <connection refLocalId="13">
                  <position x="100" y="140"/>
                  <position x="20" y="140"/>
                </connection>
              </connectionPointIn>
              <connectionPointOut>
                <relPosition x="21" y="10"/>
              </connectionPointOut>
              <variable>B1</variable>
            </contact>
            <contact localId="15" negated="false" width="21" height="20" executionOrderId="0">
              <position x="220" y="130"/>
              <connectionPointIn>
                <relPosition x="0" y="10"/>
                <connection refLocalId="14">
                  <position x="220" y="140"/>
                  <position x="121" y="140"/>
                </connection>
              </connectionPointIn>
              <connectionPointOut>
                <relPosition x="21" y="10"/>
              </connectionPointOut>
              <variable>B2</variable>
            </contact>
            <contact localId="16" negated="false" width="21" height="20" executionOrderId="0">
              <position x="370" y="130"/>
              <connectionPointIn>
                <relPosition x="0" y="10"/>
                <connection refLocalId="15">
                  <position x="370" y="140"/>
                  <position x="241" y="140"/>
                </connection>
              </connectionPointIn>
              <connectionPointOut>
                <relPosition x="21" y="10"/>
              </connectionPointOut>
              <variable>B3</variable>
            </contact>
            <coil localId="17" negated="false" width="21" height="20" executionOrderId="0">
              <position x="540" y="130"/>
              <connectionPointIn>
                <relPosition x="0" y="10"/>
                <connection refLocalId="16">
                  <position x="540" y="140"/>
                  <position x="391" y="140"/>
                </connection>
              </connectionPointIn>
              <connectionPointOut>
                <relPosition x="21" y="10"/>
              </connectionPointOut>
              <variable>H3</variable>
            </coil>
            <rightPowerRail localId="18" width="10" height="40" executionOrderId="0">
              <position x="650" y="120"/>
              <connectionPointIn>
                <relPosition x="0" y="20"/>
                <connection refLocalId="17">
                  <position x="650" y="140"/>
                  <position x="561" y="140"/>
                </connection>
              </connectionPointIn>
            </rightPowerRail>
            <leftPowerRail localId="19" width="10" height="40" executionOrderId="0">
              <position x="10" y="170"/>
              <connectionPointOut formalParameter="">
                <relPosition x="10" y="20"/>
              </connectionPointOut>
            </leftPowerRail>
            <contact localId="20" negated="true" width="21" height="20" executionOrderId="0">
              <position x="100" y="180"/>
              <connectionPointIn>
                <relPosition x="0" y="10"/>
                <connection refLocalId="19">
                  <position x="100" y="190"/>
                  <position x="20" y="190"/>
                </connection>
              </connectionPointIn>
              <connectionPointOut>
                <relPosition x="21" y="10"/>
              </connectionPointOut>
              <variable>B1</variable>
            </contact>
            <contact localId="21" negated="true" width="21" height="20" executionOrderId="0">
              <position x="220" y="180"/>
              <connectionPointIn>
                <relPosition x="0" y="10"/>
                <connection refLocalId="20">
                  <position x="220" y="190"/>
                  <position x="121" y="190"/>
                </connection>
              </connectionPointIn>
              <connectionPointOut>
                <relPosition x="21" y="10"/>
              </connectionPointOut>
              <variable>B2</variable>
            </contact>
            <contact localId="22" negated="true" width="21" height="20" executionOrderId="0">
              <position x="370" y="180"/>
              <connectionPointIn>
                <relPosition x="0" y="10"/>
                <connection refLocalId="21">
                  <position x="370" y="190"/>
                  <position x="241" y="190"/>
                </connection>
              </connectionPointIn>
              <connectionPointOut>
                <relPosition x="21" y="10"/>
              </connectionPointOut>
              <variable>B3</variable>
            </contact>
            <coil localId="23" negated="false" width="21" height="20" executionOrderId="0">
              <position x="540" y="180"/>
              <connectionPointIn>
                <relPosition x="0" y="10"/>
                <connection refLocalId="22">
                  <position x="540" y="190"/>
                  <position x="391" y="190"/>
                </connection>
              </connectionPointIn>
              <connectionPointOut>
                <relPosition x="21" y="10"/>
              </connectionPointOut>
              <variable>H4</variable>
            </coil>
            <rightPowerRail localId="24" width="10" height="40" executionOrderId="0">
              <position x="650" y="170"/>
              <connectionPointIn>
                <relPosition x="0" y="20"/>
                <connection refLocalId="23">
                  <position x="650" y="190"/>
                  <position x="561" y="190"/>
                </connection>
              </connectionPointIn>
            </rightPowerRail>
            <leftPowerRail localId="25" width="10" height="160">
              <position x="10" y="220"/>
              <connectionPointOut formalParameter="">
                <relPosition x="10" y="20"/>
              </connectionPointOut>
              <connectionPointOut formalParameter="">
                <relPosition x="10" y="60"/>
              </connectionPointOut>
              <connectionPointOut formalParameter="">
                <relPosition x="10" y="100"/>
              </connectionPointOut>
              <connectionPointOut formalParameter="">
                <relPosition x="10" y="140"/>
              </connectionPointOut>
            </leftPowerRail>
            <contact localId="26" negated="true" width="21" height="20">
              <position x="100" y="230"/>
              <connectionPointIn>
                <relPosition x="0" y="10"/>
                <connection refLocalId="25">
                  <position x="100" y="240"/>
                  <position x="20" y="240"/>
                </connection>
              </connectionPointIn>
              <connectionPointOut>
                <relPosition x="21" y="10"/>
              </connectionPointOut>
              <variable>B1</variable>
            </contact>
            <contact localId="27" negated="true" width="21" height="20" executionOrderId="0">
              <position x="100" y="270"/>
              <connectionPointIn>
                <relPosition x="0" y="10"/>
                <connection refLocalId="25">
                  <position x="100" y="280"/>
                  <position x="20" y="280"/>
                </connection>
              </connectionPointIn>
              <connectionPointOut>
                <relPosition x="21" y="10"/>
              </connectionPointOut>
              <variable>B1</variable>
            </contact>
            <contact localId="28" negated="true" width="21" height="20" executionOrderId="0">
              <position x="100" y="310"/>
              <connectionPointIn>
                <relPosition x="0" y="10"/>
                <connection refLocalId="25">
                  <position x="100" y="320"/>
                  <position x="20" y="320"/>
                </connection>
              </connectionPointIn>
              <connectionPointOut>
                <relPosition x="21" y="10"/>
              </connectionPointOut>
              <variable>B1</variable>
            </contact>
            <contact localId="29" negated="false" width="21" height="20" executionOrderId="0">
              <position x="100" y="350"/>
              <connectionPointIn>
                <relPosition x="0" y="10"/>
                <connection refLocalId="25">
                  <position x="100" y="360"/>
                  <position x="20" y="360"/>
                </connection>
              </connectionPointIn>
              <connectionPointOut>
                <relPosition x="21" y="10"/>
              </connectionPointOut>
              <variable>B1</variable>
            </contact>
            <contact localId="30" negated="false" width="21" height="20" executionOrderId="0">
              <position x="220" y="230"/>
              <connectionPointIn>
                <relPosition x="0" y="10"/>
                <connection refLocalId="26">
                  <position x="220" y="240"/>
                  <position x="121" y="240"/>
                </connection>
              </connectionPointIn>
              <connectionPointOut>
                <relPosition x="21" y="10"/>
              </connectionPointOut>
              <variable>B2</variable>
            </contact>
            <contact localId="31" negated="false" width="21" height="20" executionOrderId="0">
              <position x="220" y="310"/>
              <connectionPointIn>
                <relPosition x="0" y="10"/>
                <connection refLocalId="28">
                  <position x="220" y="320"/>
                  <position x="121" y="320"/>
                </connection>
              </connectionPointIn>
              <connectionPointOut>
                <relPosition x="21" y="10"/>
              </connectionPointOut>
              <variable>B2</variable>
            </contact>
            <contact localId="32" negated="true" width="21" height="20" executionOrderId="0">
              <position x="220" y="270"/>
              <connectionPointIn>
                <relPosition x="0" y="10"/>
                <connection refLocalId="27">
                  <position x="220" y="280"/>
                  <position x="121" y="280"/>
                </connection>
              </connectionPointIn>
              <connectionPointOut>
                <relPosition x="21" y="10"/>
              </connectionPointOut>
              <variable>B2</variable>
            </contact>
            <contact localId="33" negated="true" width="21" height="20" executionOrderId="0">
              <position x="220" y="350"/>
              <connectionPointIn>
                <relPosition x="0" y="10"/>
                <connection refLocalId="29">
                  <position x="220" y="360"/>
                  <position x="121" y="360"/>
                </connection>
              </connectionPointIn>
              <connectionPointOut>
                <relPosition x="21" y="10"/>
              </connectionPointOut>
              <variable>B2</variable>
            </contact>
            <contact localId="34" negated="false" width="21" height="20" executionOrderId="0">
              <position x="370" y="230"/>
              <connectionPointIn>
                <relPosition x="0" y="10"/>
                <connection refLocalId="30">
                  <position x="370" y="240"/>
                  <position x="241" y="240"/>
                </connection>
              </connectionPointIn>
              <connectionPointOut>
                <relPosition x="21" y="10"/>
              </connectionPointOut>
              <variable>B3</variable>
            </contact>
            <contact localId="35" negated="false" width="21" height="20" executionOrderId="0">
              <position x="370" y="270"/>
              <connectionPointIn>
                <relPosition x="0" y="10"/>
                <connection refLocalId="32">
                  <position x="370" y="280"/>
                  <position x="241" y="280"/>
                </connection>
              </connectionPointIn>
              <connectionPointOut>
                <relPosition x="21" y="10"/>
              </connectionPointOut>
              <variable>B3</variable>
            </contact>
            <contact localId="36" negated="false" width="21" height="20" executionOrderId="0">
              <position x="370" y="350"/>
              <connectionPointIn>
                <relPosition x="0" y="10"/>
                <connection refLocalId="33">
                  <position x="370" y="360"/>
                  <position x="241" y="360"/>
                </connection>
              </connectionPointIn>
              <connectionPointOut>
                <relPosition x="21" y="10"/>
              </connectionPointOut>
              <variable>B3</variable>
            </contact>
            <contact localId="37" negated="true" width="21" height="20" executionOrderId="0">
              <position x="370" y="310"/>
              <connectionPointIn>
                <relPosition x="0" y="10"/>
                <connection refLocalId="31">
                  <position x="370" y="320"/>
                  <position x="241" y="320"/>
                </connection>
              </connectionPointIn>
              <connectionPointOut>
                <relPosition x="21" y="10"/>
              </connectionPointOut>
              <variable>B3</variable>
            </contact>
            <coil localId="38" negated="false" width="21" height="20">
              <position x="540" y="230"/>
              <connectionPointIn>
                <relPosition x="0" y="10"/>
                <connection refLocalId="36">
                  <position x="540" y="240"/>
                  <position x="500" y="240"/>
                  <position x="500" y="360"/>
                  <position x="391" y="360"/>
                </connection>
                <connection refLocalId="34">
                  <position x="540" y="240"/>
                  <position x="391" y="240"/>
                </connection>
                <connection refLocalId="35">
                  <position x="540" y="240"/>
                  <position x="500" y="240"/>
                  <position x="500" y="280"/>
                  <position x="391" y="280"/>
                </connection>
                <connection refLocalId="37">
                  <position x="540" y="240"/>
                  <position x="500" y="240"/>
                  <position x="500" y="320"/>
                  <position x="391" y="320"/>
                </connection>
              </connectionPointIn>
              <connectionPointOut>
                <relPosition x="21" y="10"/>
              </connectionPointOut>
              <variable>H5</variable>
            </coil>
            <rightPowerRail localId="39" width="10" height="40">
              <position x="650" y="220"/>
              <connectionPointIn>
                <relPosition x="0" y="20"/>
                <connection refLocalId="38">
                  <position x="650" y="240"/>
                  <position x="561" y="240"/>
                </connection>
              </connectionPointIn>
            </rightPowerRail>
          </LD>
        </body>
      </pou>
    </pous>
  </types>
  <instances>
    <configurations>
      <configuration name="Config0">
        <resource name="Res0">
          <task name="task0" priority="0" interval="T#20ms">
            <pouInstance name="instance0" typeName="SimulacionTanque"/>
          </task>
        </resource>
      </configuration>
    </configurations>
  </instances>
</project>
